{
	"song": {
		"sectionLengths": [],
		"player1": "jr-night",
		"events": [],
		"gfVersion": "cool-card-battery-night",
		"player2": "battery-angry",
		"notes": [
			{
				"sectionNotes": [
					[
						166.666666666667,
						0,
						0
					],
					[
						166.666666666667,
						1,
						0
					],
					[
						250,
						2,
						0
					],
					[
						333.333333333333,
						3,
						0
					],
					[
						416.666666666667,
						0,
						0
					],
					[
						500,
						1,
						0
					],
					[
						583.333333333333,
						2,
						0
					],
					[
						666.666666666667,
						0,
						0
					],
					[
						833.333333333333,
						2,
						0
					],
					[
						916.666666666667,
						3,
						0
					],
					[
						1083.33333333333,
						0,
						0
					],
					[
						1166.66666666667,
						3,
						0
					],
					[
						1250,
						2,
						0
					],
					[
						1333.33333333333,
						1,
						0
					],
					[
						1083.33333333333,
						1,
						0
					],
					[
						1416.66666666667,
						0,
						0
					],
					[
						1416.66666666667,
						3,
						1166.66666666667
					],
					[
						750,
						3,
						0
					],
					[
						1000,
						2,
						0
					]
				],
				"typeOfSection": 0,
				"lengthInSteps": 16,
				"bpm": 106,
				"changeBPM": false,
				"mustHitSection": false
			},
			{
				"sectionNotes": [
					[
						2750,
						0,
						1333.33333333333
					],
					[
						4250,
						2,
						1166.66666666667
					]
				],
				"typeOfSection": 0,
				"lengthInSteps": 16,
				"bpm": 106,
				"changeBPM": false,
				"mustHitSection": false
			},
			{
				"sectionNotes": [
					[
						5583.33333333333,
						3,
						1000
					],
					[
						6750,
						1,
						1166.66666666667
					],
					[
						7750,
						3,
						0
					],
					[
						7833.33333333333,
						0,
						0
					],
					[
						7916.66666666667,
						3,
						0
					]
				],
				"typeOfSection": 0,
				"lengthInSteps": 16,
				"bpm": 106,
				"changeBPM": false,
				"mustHitSection": false
			},
			{
				"sectionNotes": [
					[
						8250,
						3,
						0
					],
					[
						8416.66666666667,
						2,
						0
					],
					[
						8583.33333333333,
						1,
						0
					],
					[
						8750,
						3,
						0
					],
					[
						8916.66666666667,
						0,
						0
					],
					[
						9083.33333333333,
						3,
						0
					],
					[
						9250,
						2,
						0
					],
					[
						9416.66666666667,
						1,
						0
					],
					[
						9583.33333333333,
						1,
						0
					],
					[
						9750,
						2,
						0
					],
					[
						9916.66666666667,
						0,
						0
					],
					[
						10083.3333333333,
						3,
						0
					],
					[
						10250,
						1,
						0
					],
					[
						10416.6666666667,
						2,
						0
					],
					[
						10583.3333333333,
						0,
						0
					],
					[
						8000,
						0,
						0
					],
					[
						8083.33333333333,
						1,
						0
					],
					[
						8083.33333333333,
						2,
						0
					]
				],
				"typeOfSection": 0,
				"lengthInSteps": 16,
				"bpm": 106,
				"changeBPM": false,
				"mustHitSection": false
			},
			{
				"sectionNotes": [
					[
						10750,
						1,
						1166.66666666667
					],
					[
						10750,
						0,
						0
					],
					[
						12166.6666666667,
						2,
						0
					],
					[
						12166.6666666667,
						3,
						500
					],
					[
						12833.3333333333,
						0,
						166.666666666667
					],
					[
						13166.6666666667,
						3,
						166.666666666667
					]
				],
				"typeOfSection": 0,
				"lengthInSteps": 16,
				"bpm": 106,
				"changeBPM": false,
				"mustHitSection": false
			},
			{
				"sectionNotes": [
					[
						13500,
						2,
						1333.33333333333
					],
					[
						15000,
						3,
						333.333333333333
					],
					[
						15500,
						0,
						166.666666666667
					],
					[
						15833.3333333333,
						1,
						166.666666666667
					]
				],
				"typeOfSection": 0,
				"lengthInSteps": 16,
				"bpm": 106,
				"changeBPM": false,
				"mustHitSection": true
			},
			{
				"sectionNotes": [
					[
						16166.6666666667,
						2,
						1333.33333333333
					],
					[
						17666.6666666667,
						0,
						0
					],
					[
						17833.3333333333,
						3,
						0
					],
					[
						18000,
						2,
						0
					],
					[
						18166.6666666667,
						1,
						0
					],
					[
						18333.3333333333,
						2,
						0
					],
					[
						18500,
						1,
						0
					],
					[
						17833.3333333333,
						1,
						0
					]
				],
				"typeOfSection": 0,
				"lengthInSteps": 16,
				"bpm": 106,
				"changeBPM": false,
				"mustHitSection": true
			},
			{
				"sectionNotes": [
					[
						18666.6666666667,
						3,
						0
					],
					[
						18833.3333333333,
						0,
						1333.33333333333
					],
					[
						18833.3333333333,
						2,
						0
					],
					[
						20333.3333333333,
						3,
						333.333333333333
					],
					[
						20833.3333333333,
						1,
						166.666666666667
					],
					[
						21166.6666666667,
						2,
						166.666666666667
					]
				],
				"typeOfSection": 0,
				"lengthInSteps": 16,
				"bpm": 106,
				"changeBPM": false,
				"mustHitSection": true
			},
			{
				"sectionNotes": [
					[
						21500,
						3,
						2166.66666666667
					]
				],
				"typeOfSection": 0,
				"lengthInSteps": 16,
				"bpm": 106,
				"changeBPM": false,
				"mustHitSection": true
			},
			{
				"sectionNotes": [],
				"typeOfSection": 0,
				"lengthInSteps": 16,
				"bpm": 106,
				"changeBPM": false,
				"mustHitSection": false
			},
			{
				"sectionNotes": [],
				"typeOfSection": 0,
				"lengthInSteps": 16,
				"bpm": 106,
				"changeBPM": false,
				"mustHitSection": false
			},
			{
				"sectionNotes": [],
				"typeOfSection": 0,
				"lengthInSteps": 16,
				"bpm": 106,
				"changeBPM": false,
				"mustHitSection": false
			},
			{
				"sectionNotes": [],
				"typeOfSection": 0,
				"lengthInSteps": 16,
				"bpm": 106,
				"changeBPM": false,
				"mustHitSection": false
			},
			{
				"sectionNotes": [],
				"typeOfSection": 0,
				"lengthInSteps": 16,
				"bpm": 106,
				"changeBPM": false,
				"mustHitSection": false
			},
			{
				"sectionNotes": [],
				"typeOfSection": 0,
				"lengthInSteps": 16,
				"bpm": 106,
				"changeBPM": false,
				"mustHitSection": false
			},
			{
				"sectionNotes": [],
				"typeOfSection": 0,
				"lengthInSteps": 16,
				"bpm": 106,
				"changeBPM": false,
				"mustHitSection": false
			},
			{
				"sectionNotes": [],
				"typeOfSection": 0,
				"lengthInSteps": 16,
				"bpm": 106,
				"changeBPM": false,
				"mustHitSection": false
			},
			{
				"sectionNotes": [],
				"typeOfSection": 0,
				"lengthInSteps": 16,
				"bpm": 106,
				"changeBPM": false,
				"mustHitSection": false
			},
			{
				"sectionNotes": [],
				"typeOfSection": 0,
				"lengthInSteps": 16,
				"bpm": 106,
				"changeBPM": false,
				"mustHitSection": false
			},
			{
				"sectionNotes": [],
				"typeOfSection": 0,
				"lengthInSteps": 16,
				"bpm": 106,
				"changeBPM": false,
				"mustHitSection": false
			},
			{
				"sectionNotes": [],
				"typeOfSection": 0,
				"lengthInSteps": 16,
				"bpm": 106,
				"changeBPM": false,
				"mustHitSection": false
			},
			{
				"sectionNotes": [],
				"typeOfSection": 0,
				"lengthInSteps": 16,
				"bpm": 106,
				"changeBPM": false,
				"mustHitSection": false
			},
			{
				"sectionNotes": [],
				"typeOfSection": 0,
				"lengthInSteps": 16,
				"bpm": 106,
				"changeBPM": false,
				"mustHitSection": false
			},
			{
				"sectionNotes": [],
				"typeOfSection": 0,
				"lengthInSteps": 16,
				"bpm": 106,
				"changeBPM": false,
				"mustHitSection": false
			},
			{
				"sectionNotes": [],
				"typeOfSection": 0,
				"lengthInSteps": 16,
				"bpm": 106,
				"changeBPM": false,
				"mustHitSection": false
			},
			{
				"sectionNotes": [],
				"typeOfSection": 0,
				"lengthInSteps": 16,
				"bpm": 106,
				"changeBPM": false,